,date,pfizer,moderna,astrazeneca
0,2019-01-02,0.2641449275362319,0.0,0.0
1,2019-01-03,0.4973769973401636,0.0,0.4973769973401636
2,2019-01-04,0.0309640586797065,0.0,0.0115074889867841
3,2019-01-07,0.0,0.4939,0.0
4,2019-01-08,0.0,0.8200000000000002,0.0
5,2019-01-09,0.0,-0.3817999999999998,0.0
6,2019-01-10,0.0,0.0,0.6012668639053255
7,2019-01-11,0.0,0.0,0.0
8,2019-01-14,0.0,0.0,0.0
9,2019-01-15,0.0,0.0,-0.0075999999999999
10,2019-01-16,0.0,0.0,0.6486
11,2019-01-17,0.5540057553956834,0.0,0.0
12,2019-01-18,0.0,0.0,0.0
13,2019-01-22,0.0,0.0,0.3884607142857142
14,2019-01-23,0.187982233502538,0.0,0.0
15,2019-01-24,0.0,0.0,0.0
16,2019-01-25,0.0,0.0,0.0
17,2019-01-28,0.1028026041666666,0.0,0.0843508547008547
18,2019-01-29,0.0,0.0,0.0
19,2019-01-30,0.0,0.0,-0.5488870967741937
20,2019-01-31,0.0,0.0,0.6589662020905922
21,2019-02-01,0.0,0.0,0.4995
22,2019-02-04,0.0,0.0,0.0
23,2019-02-05,0.0,0.0,0.0
24,2019-02-06,0.6714441860465115,0.0,0.0
25,2019-02-07,0.3534663730984788,0.0,0.0
26,2019-02-08,0.2798647482014388,0.0,0.0
27,2019-02-11,0.0,0.0,0.0472941520467835
28,2019-02-12,0.1223099999999999,0.0,0.1223099999999999
29,2019-02-13,0.0,0.0,0.0
30,2019-02-14,0.5871498630136986,0.0,0.0
31,2019-02-15,0.0,0.0,0.0
32,2019-02-19,0.154109561752988,0.0,0.0
33,2019-02-20,0.0,0.0,0.0
34,2019-02-21,0.0,0.0,0.0635396449704142
35,2019-02-22,0.0,0.0,0.3714117647058823
36,2019-02-25,0.0,0.0,0.0
37,2019-02-26,0.1186841758241758,0.6587999999999999,0.1186841758241758
38,2019-02-27,0.0,0.0,0.0
39,2019-02-28,0.0,0.0,0.0
40,2019-03-01,0.0,0.0,0.0
41,2019-03-04,0.0,0.0,0.0
42,2019-03-05,0.222310843373494,0.0,0.0
43,2019-03-06,-0.0796993827160493,0.0,0.0
44,2019-03-07,0.3206534653465346,0.0,0.3206534653465346
45,2019-03-08,0.9004999999999997,0.0,0.9004999999999997
46,2019-03-11,0.0,0.0,0.0
47,2019-03-12,0.4508939981096408,0.0,0.4508939981096408
48,2019-03-13,0.0,0.7712000000000001,0.0
49,2019-03-14,0.0,0.0,0.0
50,2019-03-15,0.4309999999999999,0.0,0.4309999999999999
51,2019-03-18,0.3707866310160428,0.0,0.3707866310160428
52,2019-03-19,0.3887098859315589,0.0,-0.6573000000000001
53,2019-03-20,-0.5423,0.0,0.1857928077455048
54,2019-03-21,0.0,0.672136842105263,0.5835636363636365
55,2019-03-22,0.6185999999999998,0.0,0.14308738317757
56,2019-03-25,0.4008526748971194,0.0,-0.2260251848428835
57,2019-03-26,-0.4155614678899081,0.6368999999999999,0.0
58,2019-03-27,0.0069996551724138,0.0,0.0069996551724138
59,2019-03-28,0.0,0.0,0.0
60,2019-03-29,0.0,0.0,0.8788
61,2019-04-01,0.0903769792935444,0.0,0.2255510067114094
62,2019-04-02,0.0,0.0,0.2797862068965517
63,2019-04-03,-0.2177258064516129,0.0,0.0079795918367346
64,2019-04-04,0.8739950000000001,0.0,0.0
65,2019-04-05,0.0,0.0,0.0
66,2019-04-08,0.0,0.0,-0.8769
67,2019-04-09,0.0,0.0,0.3607904761904763
68,2019-04-10,0.0,0.0,0.4376694571615434
69,2019-04-11,0.0,0.7712,0.0
70,2019-04-12,0.2118592145015106,0.2959999999999999,0.0
71,2019-04-15,-0.0522297539149888,0.0,0.0
72,2019-04-16,0.0,0.0,-0.1498495890410959
73,2019-04-17,0.1407784897025172,0.0,0.0
74,2019-04-18,0.6486000000000001,0.0,0.0
75,2019-04-22,0.0,0.0,0.0
76,2019-04-23,0.2556696551724138,0.0,0.2556696551724138
77,2019-04-24,0.8133466019417476,0.0,0.0
78,2019-04-25,0.8221,0.0,0.6673397887323943
79,2019-04-26,0.0,0.0,-0.3190027027027027
80,2019-04-29,0.0,0.0,-0.2136796296296296
81,2019-04-30,0.0,0.0,0.0
82,2019-05-01,0.0,0.0,0.2132617801047121
83,2019-05-02,0.0,0.0,0.0
84,2019-05-03,0.0,0.0,0.0
85,2019-05-06,0.0,0.0,0.0
86,2019-05-07,0.476931168831169,0.0,0.476931168831169
87,2019-05-08,0.0,0.0,0.0725
88,2019-05-09,0.200298249452954,0.0,0.4429051282051282
89,2019-05-10,0.6254410714285713,0.0,0.6254410714285713
90,2019-05-13,-0.1304979508196722,0.0,-0.1304979508196722
91,2019-05-14,0.0,0.0,-0.4071428393524282
92,2019-05-15,0.4026456375838926,0.0,0.5934818548387099
93,2019-05-16,-0.2547976958525346,0.0,0.0
94,2019-05-17,-0.1302105716878403,0.0,-0.1302105716878403
95,2019-05-20,-0.7091564320101016,0.0,0.0
96,2019-05-21,0.3142588565022422,0.0,0.0
97,2019-05-22,0.578741304347826,0.0,0.0
98,2019-05-23,0.0,0.0,0.0
99,2019-05-24,0.0,0.0,0.0
100,2019-05-28,0.0,0.0,-0.4377123699421965
101,2019-05-29,0.0,0.0,-0.6893999999999998
102,2019-05-30,0.0,0.4019,0.0
103,2019-05-31,0.0,0.0,0.0
104,2019-06-03,-0.4069782783588093,0.0,-0.4069782783588093
105,2019-06-04,0.7717,0.0,0.2858888888888888
106,2019-06-05,0.0,0.0,0.6081985616109957
107,2019-06-06,0.0091606701940035,0.0,0.0
108,2019-06-07,0.277445625,0.0,0.2476610169491525
109,2019-06-10,0.0,0.0,0.0125260869565217
110,2019-06-11,0.5124129032258062,0.0,0.5124129032258062
111,2019-06-12,0.6141850678733032,0.0,0.0
112,2019-06-13,0.0,0.2885,-0.0216923076923077
113,2019-06-14,0.323361581920904,0.0,0.323361581920904
114,2019-06-17,0.0659441549766199,0.0,0.0
115,2019-06-18,-0.1531,0.0,-0.2419583638583638
116,2019-06-19,-0.2607589743589743,0.0,0.0
117,2019-06-20,0.3485756126021003,0.0,0.3634054140127388
118,2019-06-21,0.4383589285714285,0.0,0.4383589285714285
119,2019-06-24,0.0,0.0,0.0
120,2019-06-25,0.0,0.0,0.3119159999999999
121,2019-06-26,0.0,0.0,0.3978899999999999
122,2019-06-27,0.5228446749654219,0.0,0.0
123,2019-06-28,0.2090134243458475,0.0,0.1196571597633136
124,2019-07-01,0.0,0.0,0.3824891891891892
125,2019-07-02,0.0558800955414013,0.6686294117647058,0.024
126,2019-07-03,-0.117975117370892,0.0,0.0
127,2019-07-05,0.0,0.0,0.0
128,2019-07-08,0.1300643510054845,0.0,0.0
129,2019-07-09,0.0004289156626506,0.0,0.0
130,2019-07-10,0.0,0.0,0.1324570776255707
131,2019-07-11,-0.2217350993377483,0.5267,0.6486000000000001
132,2019-07-12,-0.2244714285714285,0.0,0.2069854166666667
133,2019-07-15,0.0,0.6113999999999999,0.0
134,2019-07-16,0.0,0.0,0.0
135,2019-07-17,0.0,0.0,0.2226841176470587
136,2019-07-18,0.0,0.0,0.2222973154362416
137,2019-07-19,0.0,0.0,0.2023
138,2019-07-22,-0.1375594117647058,0.0,-0.1375594117647058
139,2019-07-23,-0.0072,0.0,-0.0072
140,2019-07-24,-0.0785181818181818,0.0,-0.0785181818181818
141,2019-07-25,0.0,0.0,-0.1873520504731861
142,2019-07-26,0.0,0.0,0.0913942857142857
143,2019-07-29,0.0,0.5993999999999998,0.0
144,2019-07-30,0.5675725888324874,0.0,0.5675725888324874
145,2019-07-31,0.7058113155473781,0.0,0.0
146,2019-08-01,0.9246,0.0,-0.492023011994669
147,2019-08-02,0.04092,0.0,0.04092
148,2019-08-05,0.0,0.0,0.0
149,2019-08-06,-0.01917578125,0.0,-0.01917578125
150,2019-08-07,-0.4558999999999999,0.0,-0.4558999999999999
151,2019-08-08,-0.021641749502982,0.0,-0.021641749502982
152,2019-08-09,-0.4596347773766546,0.0,-0.4596347773766546
153,2019-08-12,0.0,0.0,0.0
154,2019-08-13,0.0,0.0,0.0
155,2019-08-14,0.3778727799227799,0.0,0.0
156,2019-08-15,0.0,0.0,0.0230941074523396
157,2019-08-16,0.3885,0.0,0.0
158,2019-08-19,0.8442,0.0,0.8442
159,2019-08-20,0.0,0.0,-0.0573833333333333
160,2019-08-21,0.0,0.0,0.1687983333333333
161,2019-08-22,0.0,0.0,0.0
162,2019-08-23,-0.2957598484848485,0.0,0.0
163,2019-08-26,-0.0880775862068965,0.214180487804878,0.0
164,2019-08-27,-0.5710210280373833,0.0,0.0
165,2019-08-28,0.4404,0.0,0.4404
166,2019-08-29,0.0,0.0,0.3284643076923077
167,2019-08-30,0.0,0.0,0.5946555555555554
168,2019-09-03,0.2036058441558441,0.0,0.2036058441558441
169,2019-09-04,-0.0377800658978583,0.0,-0.9286
170,2019-09-05,0.6702923076923077,0.0,0.0
171,2019-09-06,0.0,0.0,0.0790058823529411
172,2019-09-09,0.0211031578947368,0.0,-0.329015746084089
173,2019-09-10,0.7350999999999999,0.0,0.7350999999999999
174,2019-09-11,0.0,0.0,-0.0660952153110047
175,2019-09-12,0.0,0.0,0.5055701986754967
176,2019-09-13,0.0,0.0,0.0
177,2019-09-16,0.2111282608695652,0.0,0.0
178,2019-09-17,0.8549236559139782,0.0,0.8549236559139782
179,2019-09-18,0.0,0.0,-0.0147513207547169
180,2019-09-19,0.0126138728323699,0.0,0.0
181,2019-09-20,0.3559207547169812,0.0,0.0
182,2019-09-23,0.0,0.0,0.0
183,2019-09-24,0.0,0.0,0.0
184,2019-09-25,0.0,0.0,0.4492638888888888
185,2019-09-26,0.2360747967479674,0.0,0.2360747967479674
186,2019-09-27,0.4012726161369193,0.0,0.2397197802197802
187,2019-09-30,0.0843565957446808,0.0,0.0
188,2019-10-01,0.5854021276595744,0.0,0.0
189,2019-10-02,0.6794967741935486,0.0,0.0
190,2019-10-03,0.0415579310344827,0.0,-0.0868648
191,2019-10-04,0.0,0.0,0.0
192,2019-10-07,0.0,0.0,0.6689673076923077
193,2019-10-08,0.4711826923076923,-0.1654999999999999,0.5772585714285712
194,2019-10-09,0.0,0.0,0.0
195,2019-10-10,0.3835364888123925,0.0,0.3835364888123925
196,2019-10-11,0.4161366379310345,0.0,0.4161366379310345
197,2019-10-14,0.0,0.0,0.8428729927007299
198,2019-10-15,0.0,0.0,-0.0854516129032257
199,2019-10-16,0.4930401162790697,0.0,0.0
200,2019-10-17,-0.0805086580086579,0.4561534246575342,-0.07032893481717
201,2019-10-18,0.2830891791044776,0.0,0.2830891791044776
202,2019-10-21,-0.4327528985507246,0.4574,-0.4327528985507246
203,2019-10-22,0.4358844628099175,0.0,0.4358844628099175
204,2019-10-23,0.0,0.0,0.1180519047619047
205,2019-10-24,0.0,0.0,0.0
206,2019-10-25,-0.1248250325945241,0.0,-0.1248250325945241
207,2019-10-28,-0.1202371989295272,0.0,-0.1202371989295272
208,2019-10-29,0.8857999999999999,0.0,0.5086418376722817
209,2019-10-30,0.0,0.0,0.0
210,2019-10-31,0.166814598540146,0.0,0.166814598540146
211,2019-11-01,0.6564420581655482,0.0,0.0
212,2019-11-04,0.0,0.0,0.6798353535353536
213,2019-11-05,0.0,0.0,0.0
214,2019-11-06,0.3621957264957265,0.0,0.0
215,2019-11-07,0.431382196969697,0.8481000000000001,0.431382196969697
216,2019-11-08,0.856428,0.0,0.0
217,2019-11-11,0.0,0.0,0.0
218,2019-11-12,0.0,0.0,0.0
219,2019-11-13,0.0,0.0,0.0
220,2019-11-14,0.0,0.0,0.0
221,2019-11-15,0.0,0.0,0.0
222,2019-11-18,0.0,0.0,0.2696335937499999
223,2019-11-19,0.0,0.0,0.3708015109890109
224,2019-11-20,-0.2087927601809955,0.0,-0.5216999999999998
225,2019-11-21,0.1399265957446808,0.0,-0.2537261261261261
226,2019-11-22,0.1694124156545208,0.0,0.1891784695201037
227,2019-11-25,-0.4799954198473283,0.0,0.0
228,2019-11-26,0.0,0.0,0.268752801724138
229,2019-11-27,0.3208334448160536,0.0,0.0
230,2019-11-29,0.0,0.0,0.4734024355300859
231,2019-12-02,0.0,0.0,0.0539227848101265
232,2019-12-03,0.0,0.0,0.0515725519287833
233,2019-12-04,0.6858417391304346,0.0,0.0
234,2019-12-05,0.2842175191815856,0.0,0.2842175191815856
235,2019-12-06,0.5472364678899082,0.0,0.0
236,2019-12-09,0.0,0.0,0.2976455223880596
237,2019-12-10,0.0,0.0,-0.5095
238,2019-12-11,0.0,0.0,0.0
239,2019-12-12,0.0,0.0,0.7376221804511277
240,2019-12-13,0.0,0.0,0.0
241,2019-12-16,0.8466545714285716,0.0,0.0
242,2019-12-17,0.2826590277777778,0.0,0.2826590277777778
243,2019-12-18,0.7245260042283297,0.0,0.0
244,2019-12-19,0.6199000000000001,0.0,0.0
245,2019-12-20,0.0,0.0,0.2726826530612245
246,2019-12-23,0.0,0.0,0.0
247,2019-12-24,0.0,0.0,0.1289528571428571
248,2019-12-26,0.0,0.0,0.0
249,2019-12-27,0.2660528571428572,0.0,0.0
250,2019-12-30,0.0769272727272727,0.0,0.0769272727272727
251,2019-12-31,0.0,0.0,0.3129938053097345
252,2020-01-02,0.0,0.0,0.0
253,2020-01-03,0.0875112612612612,0.0,0.0875112612612612
254,2020-01-06,0.0,0.0,0.4444384444444444
255,2020-01-07,0.0,0.0,0.0
256,2020-01-08,0.0,0.0,0.0
257,2020-01-09,0.0,0.0,0.4310672727272728
258,2020-01-10,0.395111889596603,0.0,0.4324643115942028
259,2020-01-13,0.4551290598290599,0.0,0.4551290598290599
260,2020-01-14,0.0,0.0,0.1455784715750233
261,2020-01-15,0.0,0.0,-0.1402781065088757
262,2020-01-16,0.0,0.0,0.4684013422818792
263,2020-01-17,-0.6597000000000001,0.0,-0.6597000000000001
264,2020-01-21,0.0,0.0,0.0
265,2020-01-22,0.1452037585421412,0.0,0.1452037585421412
266,2020-01-23,0.3577643870967741,0.0,0.0
267,2020-01-24,0.0,0.0,0.5230638157894738
268,2020-01-27,0.6102253333333334,0.394568,0.6102253333333334
269,2020-01-28,0.0,0.0,0.1569052795031055
270,2020-01-29,0.4735699481865285,0.0,0.0
271,2020-01-30,0.4660608695652174,0.0,0.4660608695652174
272,2020-01-31,0.0,0.0,0.0
273,2020-02-03,0.0,0.0,0.0
274,2020-02-04,-0.007338679245283,0.0,-0.007338679245283
275,2020-02-05,-0.2126025411061285,0.0,-0.2126025411061285
276,2020-02-06,0.7342755555555553,0.0,0.7582702898550723
277,2020-02-07,0.5171846153846151,-0.2216951923076922,0.0
278,2020-02-10,0.0,0.0,0.0
279,2020-02-11,0.0,0.0,0.5332084745762713
280,2020-02-12,0.0,0.2263,0.3310548895899053
281,2020-02-13,0.3797421052631579,0.0,0.9019
282,2020-02-14,0.0,0.0,0.0
283,2020-02-18,-0.2816311688311689,0.0,-0.2816311688311689
284,2020-02-19,0.4404,0.4403999999999999,0.0
285,2020-02-20,-0.3274413533834586,0.0,0.0
286,2020-02-21,0.5772962686567163,0.8152695581014728,0.0
287,2020-02-24,0.0,0.0,0.2481331288343558
288,2020-02-25,0.0,0.0984806002143623,-0.1758451555555555
289,2020-02-26,0.0,0.0468297213622291,0.0
290,2020-02-27,0.0609999999999999,-0.0063096529284164,0.0
291,2020-02-28,0.0220002904162633,0.46062,-0.1269900269541778
292,2020-03-02,0.4172418338108883,0.0,0.0
293,2020-03-03,0.6139528967254408,0.0,0.4582428697183098
294,2020-03-04,0.0,-0.0661940928270042,0.0
295,2020-03-05,0.0444443178220956,0.5958130434782609,0.0444443178220956
296,2020-03-06,0.2895071022727272,-0.0307378378378378,0.2895071022727272
297,2020-03-09,0.2961927777777778,0.0,0.2961927777777778
298,2020-03-10,0.3707310077519379,0.0,0.3707310077519379
299,2020-03-11,0.1066075757575757,-0.1529916666666667,0.1066075757575757
300,2020-03-12,0.0,0.0,0.0
301,2020-03-13,0.1416279461279461,0.128,0.1416279461279461
302,2020-03-16,0.489985516605166,0.8012506540697674,0.489985516605166
303,2020-03-17,-0.001242549923195,0.424746329113924,0.7003000000000001
304,2020-03-18,0.0,0.0,0.47834171875
305,2020-03-19,-0.0367596385542168,0.0,0.0
306,2020-03-20,-0.252935453100159,0.0,-0.252935453100159
307,2020-03-23,0.1471307692307692,0.0,0.1471307692307692
308,2020-03-24,0.0,0.0,0.0
309,2020-03-25,0.6540356275303641,-0.0712063188831741,0.6540356275303641
310,2020-03-26,-0.030159405940594,0.0,0.8515999999999998
311,2020-03-27,0.0,0.0,0.0697630718954248
312,2020-03-30,0.0,0.3780755102040817,0.0
313,2020-03-31,0.6327010834236187,0.0091563025210084,0.0
314,2020-04-01,0.1748245410628019,0.0,0.0
315,2020-04-02,0.8974000000000002,0.3101114754098361,0.522281502209131
316,2020-04-03,0.0,0.8831999999999999,0.0
317,2020-04-06,0.3456945054945055,0.0,0.3456945054945055
318,2020-04-07,0.0,0.0,0.0
319,2020-04-08,-0.0143246376811593,0.0,0.0
320,2020-04-09,0.1573968881118881,-0.0507162162162162,0.0
321,2020-04-13,0.0,0.0,0.0
322,2020-04-14,0.1161872093023256,0.055116,0.0
323,2020-04-15,0.6210364434045041,0.0,0.6257455413062928
324,2020-04-16,-0.7830597849462366,0.0,-0.7830597849462366
325,2020-04-17,0.0,0.0,0.6679644859813083
326,2020-04-20,0.0,0.0,-0.0018906914893617
327,2020-04-21,0.0,0.0,0.0720335403726708
328,2020-04-22,0.0,0.0,0.2802018595041322
329,2020-04-23,0.0,0.0650885654885655,0.0
330,2020-04-24,0.0622364238410595,0.0,0.0622364238410595
331,2020-04-27,0.0,0.2646612704918032,0.0
332,2020-04-28,0.0,0.3181999999999999,0.2926822895891504
333,2020-04-29,0.0176613966261279,0.1207368421052631,0.0
334,2020-04-30,0.0585949344668792,0.4038837209302325,0.0734433142521649
335,2020-05-01,0.6962665470278775,0.12,0.0
336,2020-05-04,0.0,0.0,0.0249567961165048
337,2020-05-05,0.14163984,0.0,0.0
338,2020-05-06,-0.0032056338028168,-4.048582995951437e-05,0.0
339,2020-05-07,0.2695802023121387,0.0,0.2495710213776721
340,2020-05-08,0.252136416184971,0.0,0.122243170838823
341,2020-05-11,0.2047048929663608,0.0,0.0
342,2020-05-12,0.2309475409836065,0.4767,0.0
343,2020-05-13,0.3860699212598425,-0.1793523026315789,0.383893648208469
344,2020-05-14,0.6437529126213591,0.0258,0.0
345,2020-05-15,0.2463020853080568,0.0,0.3230213897937024
346,2020-05-18,0.4469511299435029,0.0,0.4469511299435029
347,2020-05-19,0.4247105545617173,0.452647461928934,0.0086999999999999
348,2020-05-20,-0.1557324007807417,0.0,0.0
349,2020-05-21,0.410034090909091,0.2142,0.410034090909091
350,2020-05-22,0.1211430538172716,0.1758322580645161,0.8402
351,2020-05-26,0.0,0.0,0.0
352,2020-05-27,0.7845130105900152,0.0,0.7845130105900152
353,2020-05-28,0.0,-0.1961216361679224,0.0
354,2020-05-29,0.0,0.0,0.1964135231316726
355,2020-06-01,0.2178304846938775,-0.6542613636363636,0.2178304846938775
356,2020-06-02,0.3331093670886076,0.5108877261613693,-0.7276000000000001
357,2020-06-03,0.7717,-0.002313407821229,0.1307525679758308
358,2020-06-04,0.0,0.0,0.0
359,2020-06-05,0.3978544642857143,-0.836,0.0
360,2020-06-08,0.0,0.128,0.0
361,2020-06-09,-0.1403147959183673,0.0,0.0
362,2020-06-10,0.2160065597667638,0.0,0.0
363,2020-06-11,0.3012538011695906,0.0,0.297028813559322
364,2020-06-12,0.4585705474171165,0.0,0.4585705474171165
365,2020-06-15,0.4395792052980132,0.0,0.0
366,2020-06-16,-0.0868732352941176,0.0,0.0
367,2020-06-17,0.0,0.0,0.0
368,2020-06-18,-0.7884765124153499,0.0,-0.7884765124153499
369,2020-06-19,0.011498188405797,0.0,0.1025589311506981
370,2020-06-22,0.200748249452954,0.0,0.200748249452954
371,2020-06-23,0.6189,0.2676272727272727,0.6189
372,2020-06-24,0.3775798039215687,0.9252,0.0
373,2020-06-25,0.1192005813953488,0.0,0.1192005813953488
374,2020-06-26,0.0,0.0,0.0
375,2020-06-29,0.0684434014547973,0.0,0.0376977579953841
376,2020-06-30,0.2406637227304715,-0.5994,0.1635922839506172
377,2020-07-01,-0.0771999999999999,0.0,0.5292311111111112
378,2020-07-02,0.3127736762481089,-0.0985711604095563,0.3081487077534791
379,2020-07-06,0.4237086053412463,0.0,0.0
380,2020-07-07,0.0,0.6807999999999998,0.0
381,2020-07-08,-0.013776179245283,0.1878022471910112,0.0
382,2020-07-09,0.5574000000000001,0.2162050847457627,0.0
383,2020-07-10,0.0,0.0,0.0
384,2020-07-13,0.2460528458213256,0.0,0.020628159457167
385,2020-07-14,0.2139668482490272,0.0,0.1429332589285714
386,2020-07-15,0.0,0.6589029844949663,0.5807703844208397
387,2020-07-16,0.0,0.0,0.0
388,2020-07-17,0.1707854271356784,0.0,0.1707854271356784
389,2020-07-20,0.0,0.3367352087912088,0.0
390,2020-07-21,0.0,0.0988901477832512,0.0
391,2020-07-22,-0.0797719696969696,0.3213854748603352,0.0
392,2020-07-23,0.6996790056042534,0.0,0.4213960975609756
393,2020-07-24,0.2485101376720901,0.0534793357933579,0.6779974683544303
394,2020-07-27,0.5719,0.0,0.0
395,2020-07-28,0.184203334334635,0.0,0.0138824434824434
396,2020-07-29,0.6456323741007194,0.0,0.6347364210526317
397,2020-07-30,-0.105247718865598,0.0736858921161826,-0.4883115234375001
398,2020-07-31,0.0299839999999999,0.04882,0.3037000814332248
399,2020-08-03,0.3797675585284281,-0.0551581504702194,0.0
400,2020-08-04,0.638694862710363,-0.02143378746594,0.0
401,2020-08-05,0.4272636474694589,-0.6249000000000001,0.0
402,2020-08-06,0.3399999999999999,0.0365388888888888,0.0
403,2020-08-07,0.1968554393305439,-0.073171597633136,0.2406687458962574
404,2020-08-10,0.0,0.21672,0.0
405,2020-08-11,0.6100456349206351,0.5144380530973451,0.0
406,2020-08-12,0.3389999999999999,0.580926010631722,0.0
407,2020-08-13,0.0,0.0,0.3399999999999999
408,2020-08-14,0.0,0.0,0.0
409,2020-08-17,0.0,0.0,0.006209036276703
410,2020-08-18,0.0,0.5379693333333332,0.195895707376058
411,2020-08-19,0.4692474547647768,0.0,-0.25
412,2020-08-20,0.0,0.0,0.0
413,2020-08-21,0.0,0.0,0.0
414,2020-08-24,0.496429445506692,0.0,0.496429445506692
415,2020-08-25,0.0824957407407407,0.0,0.0824957407407407
416,2020-08-26,-0.0509374999999999,0.0,-0.0509374999999999
417,2020-08-27,0.4743078602620086,0.184284975233902,0.4215
418,2020-08-28,0.8933999999999999,0.0,0.0
419,2020-08-31,0.4250049512670565,0.7162133027522936,0.0
420,2020-09-01,0.4215,0.1082033112582781,0.3843217610062893
421,2020-09-02,-0.1709247258225324,0.0,0.6250820224719101
422,2020-09-03,0.5096574844995571,0.0,0.3712726102941176
423,2020-09-04,0.2107348006644518,0.0,0.4741359158297465
424,2020-09-08,0.0,0.499988613861386,0.0
425,2020-09-09,-0.1062196261682243,-0.2823666666666667,-0.1062196261682243
426,2020-09-10,0.6587093542546772,-0.5706999999999999,0.4856465255591054
427,2020-09-11,-0.053329927414852,0.8074000000000002,0.0109794753796594
428,2020-09-14,0.0,0.153700352112676,0.6115367576243981
429,2020-09-15,0.0,0.7506000000000002,0.0
430,2020-09-16,0.0,0.0,0.7619325301204818
431,2020-09-17,0.0,0.0,0.0208582651796778
432,2020-09-18,0.0447024817518248,0.2731999999999999,0.1751643863179074
433,2020-09-21,0.0,0.0,0.1076507649513212
434,2020-09-22,0.176029693877551,-0.4792,-0.4853999999999998
435,2020-09-23,0.1650333333333333,0.6478,0.0
436,2020-09-24,0.1165135235732009,0.0,0.1757680672268907
437,2020-09-25,0.5022766965428938,0.5878565552699229,0.0
438,2020-09-28,0.2807619458128079,0.0,0.2334546745562129
439,2020-09-29,0.3339042253521126,0.0,0.3339042253521126
440,2020-09-30,0.6324064643799472,0.0,0.6324064643799472
441,2020-10-01,0.128,0.0,0.128
442,2020-10-02,-0.0204015317286651,0.0,0.0
443,2020-10-05,0.4453325404376784,0.9096787610619468,0.4679108938547487
444,2020-10-06,0.3512654867256636,-0.1683591426071741,0.3512654867256636
445,2020-10-07,0.1873857670979667,-0.2014285714285714,0.2487228758169934
446,2020-10-08,-0.4709980177514795,0.3612000000000001,-0.5303581244598101
447,2020-10-09,-0.0257999999999999,0.0,-0.1449990234374999
448,2020-10-12,0.2502526772793053,0.0,-0.0772
449,2020-10-13,0.0,0.4766999999999999,0.4076057971014493
450,2020-10-14,0.2878314685314685,0.0,0.0
451,2020-10-15,0.2735132642487047,0.0,0.0
452,2020-10-16,0.5121390970654628,0.0,0.0
453,2020-10-19,0.0,0.0387982683982684,-0.0362221321249701
454,2020-10-20,0.0,0.0055666666666666,0.3410922929936306
455,2020-10-21,0.0,0.0,0.1010379727685325
456,2020-10-22,0.0,0.0,0.1180703808982377
457,2020-10-23,0.0,0.0,0.1069746311577894
458,2020-10-26,0.1233999999999999,0.0,-0.1450122615803814
459,2020-10-27,0.2632322289156626,0.0,0.0687460526315789
460,2020-10-28,0.0707628252788104,0.0,0.0824715662650602
461,2020-10-29,0.1986928681375064,0.0,0.25
462,2020-10-30,0.0,0.0771999999999999,0.5080696963910637
463,2020-11-02,0.0,0.0,0.6472909326424869
464,2020-11-03,0.5273219512195121,0.0,0.273545701357466
465,2020-11-04,0.4536246753246754,0.0,0.4536246753246754
466,2020-11-05,0.38096,0.0,0.0
467,2020-11-06,0.507289247311828,0.6368999999999998,0.0
468,2020-11-09,0.0,0.0,0.0
469,2020-11-10,0.0,0.0744803571428571,0.1670540087010565
470,2020-11-11,0.1136071759259259,0.0,0.2260104575163398
471,2020-11-12,-0.0160741456166418,0.2497175929474894,0.0
472,2020-11-13,0.0,0.0,0.0
473,2020-11-16,0.0,0.5411324324324325,0.0
474,2020-11-17,0.1489560859188544,0.0,0.0
475,2020-11-18,0.0,0.0,0.0
476,2020-11-19,0.0510582758620689,0.0,0.0510582758620689
477,2020-11-20,0.1087505997818975,0.655545215342322,0.1087505997818975
478,2020-11-23,0.0,-0.2384765957446808,0.5411119484046162
479,2020-11-24,-0.1208007763975155,0.2377437578814628,0.0
480,2020-11-25,0.1093344497607655,-0.3219798903107861,0.0
481,2020-11-27,0.3079210784313726,0.3225390137781,0.0
482,2020-11-30,0.0697713701431492,0.0,0.060830458609749
483,2020-12-01,0.5541046661105933,0.1729914634146341,0.5412434750536481
484,2020-12-02,0.2830152263374486,0.0377871428571428,0.0
485,2020-12-03,0.0,0.0687242894056847,0.1424560633547306
486,2020-12-04,0.0,0.0,-0.1073703756201275
487,2020-12-07,0.2405339829476248,0.0,0.0
488,2020-12-08,0.0,0.6197182752712735,0.0
489,2020-12-09,-0.4053742439516129,0.2336192307692307,0.0
490,2020-12-10,0.0,0.0,0.0
491,2020-12-11,0.0,0.2374626544711491,0.5243326359832637
492,2020-12-14,0.0,-0.2591878091872791,-0.0159121688741722
493,2020-12-15,0.0,0.0,0.0
494,2020-12-16,0.0476918918918919,0.35276,0.0476918918918919
495,2020-12-17,-0.2473755882352941,0.4137860784313726,-0.2473755882352941
496,2020-12-18,0.2159547385620914,0.6677761824324324,0.0
497,2020-12-21,0.1671955116696589,0.2920439629005059,-0.0838054086538461
498,2020-12-22,0.0,0.2025832475831558,0.0
499,2020-12-23,0.4851565040650407,0.0,0.0
500,2020-12-24,-0.0474169822663059,0.2717516129032258,0.0
501,2020-12-28,0.0,0.012005996131528,0.0
502,2020-12-29,0.4122480359147027,0.0,0.0
503,2020-12-30,0.0,-0.1844544093178036,-0.5217037267080746
504,2020-12-31,0.0,0.2339187480632166,-0.4602431893687708
505,2021-01-04,0.5862192192192193,-0.0526665762344003,0.0
506,2021-01-05,-0.4417014285714286,-0.0106395061728395,-0.4417014285714286
507,2021-01-06,0.0,0.0,-0.3749591104734576
508,2021-01-07,0.0,0.0,0.2716002915451895
509,2021-01-08,0.514426463414634,0.0,-0.0549891191709844
510,2021-01-11,0.0,0.2561943973107091,0.0
511,2021-01-12,-0.2173046254071661,0.098434667527437,0.0
512,2021-01-13,-0.1792979073962718,0.1519398347107438,0.0
513,2021-01-14,0.0645893596986817,0.2116551984877127,0.0
514,2021-01-15,0.0,0.0,0.4394239316239315
515,2021-01-19,-0.6066361506805953,0.0967109625668449,-0.2521903303015798
516,2021-01-20,0.0,-0.0334595375722542,-0.2263212055974166
517,2021-01-21,0.3578440704845814,0.0562954022988506,0.3578440704845814
518,2021-01-22,-0.2699314166115884,0.3988979266347687,0.0
519,2021-01-25,0.0,-0.0080933240611961,0.0
520,2021-01-26,0.0,0.3686807371349096,0.0
521,2021-01-27,0.0705153846153846,0.0,0.0
522,2021-01-28,0.0125227202472951,-0.1827081081081081,0.0139882175226586
523,2021-01-29,-0.0162824788583509,0.3656870170015456,0.0137040508548882
524,2021-02-01,0.0,-0.0499106309751434,0.0
525,2021-02-02,0.0,0.4034140604467806,0.0
526,2021-02-03,0.0,0.0505343612334801,0.0
527,2021-02-04,0.6332466612377851,0.2883896969696971,0.1927853846153846
528,2021-02-05,0.0,0.1868386046511628,0.2339086526576019
529,2021-02-08,-0.0709731543624161,0.1223760534000834,0.1668602257924446
530,2021-02-09,0.1603654919236416,-0.0630106435643564,0.1603654919236416
531,2021-02-10,0.0123267155092353,0.0,0.0213086413994169
532,2021-02-11,0.2584408988764044,0.0,0.2584408988764044
533,2021-02-12,0.0,0.131736251266464,0.0
534,2021-02-16,-0.2955483516483517,0.316192564102564,0.0
535,2021-02-17,0.0016623324396782,0.0,0.0
536,2021-02-18,0.0,0.1777949494949495,0.0
537,2021-02-19,-0.1466378874856486,0.2815723232323233,0.0
538,2021-02-22,0.0,-0.1235376490630323,-0.0098738293778062
539,2021-02-23,-0.0725135869565217,0.0664356457564575,-0.0725135869565217
540,2021-02-24,0.0,0.3653128364389233,0.1601369158878504
541,2021-02-25,0.1763642857142857,0.2747836583559615,0.1763642857142857
542,2021-02-26,0.1043937866354044,0.0,0.385888198757764
543,2021-03-01,0.386652599009901,0.0,0.0
544,2021-03-02,0.0398271458478715,0.0,0.0398271458478715
545,2021-03-03,0.0,0.1209890341321714,0.0535460714285713
546,2021-03-04,0.0,0.4965458628841607,0.0
547,2021-03-05,0.0,0.4185471074380165,0.0
548,2021-03-08,0.0514311036789297,0.0038382352249684,0.0064266910420475
549,2021-03-09,-0.0671180059523809,0.3822468053491828,0.0
550,2021-03-10,0.0,0.0,-0.0268746575342465
551,2021-03-11,0.6641987842731506,0.2632996075353218,0.6641987842731506
552,2021-03-12,-0.6023853351515788,0.0,0.0
553,2021-03-15,-0.2699291554357592,0.4957740109674892,-0.2699291554357592
554,2021-03-16,0.0,0.3372579554822753,0.0
555,2021-03-17,0.0,-0.1045572931082202,0.4517666666666667
556,2021-03-18,0.0,-0.5114659500496664,0.6369000000000001
557,2021-03-19,0.0,0.4738449822904367,0.0624256317689531
558,2021-03-22,-0.2730596782474756,-0.0558678058912387,-0.1517272613919746
559,2021-03-23,0.0,0.1232666666666666,0.4629328005115089
560,2021-03-24,0.0,-0.1157690587138862,0.0465874249605055
561,2021-03-25,0.7150119244487675,0.8678809686554049,0.0
562,2021-03-26,0.0077126794258373,0.2769057934508816,0.0
563,2021-03-29,0.4041863275781614,0.1432481397970688,0.0
564,2021-03-30,0.0,0.0,0.2472515151515151
565,2021-03-31,0.0713602272727273,0.5997090538847116,0.2171244712990936
566,2021-04-01,0.0,0.233163475177305,0.0
567,2021-04-05,0.0,0.0,0.3133138943248533
568,2021-04-06,0.377647250996016,0.0,0.2134361445783132
569,2021-04-07,0.0,0.1339201302545885,0.0
570,2021-04-08,0.6819415966386557,0.1402746615905245,0.6819415966386557
571,2021-04-09,0.0,0.0,0.0
572,2021-04-12,0.0,0.0,0.4698150568181818
573,2021-04-13,0.0,0.0734670412642668,0.0179238999536822
574,2021-04-14,0.0,0.0,-0.0366871069182389
575,2021-04-15,0.0,0.2240505112474437,0.2514438188494492
576,2021-04-16,-0.1124586832665119,0.1302190378102851,-0.0912838441740758
577,2021-04-19,0.0,0.0,0.0
578,2021-04-20,0.0,0.212110291858679,0.0
579,2021-04-21,0.2078815989847715,0.0,0.0
580,2021-04-22,0.6794205034965035,0.0,0.0
581,2021-04-23,-0.0345475464606389,0.0,-0.3164079487179486
582,2021-04-26,0.1317139868499701,0.0,0.0
583,2021-04-27,0.2476665489642184,0.0,0.0
584,2021-04-28,0.0,0.5955321035828308,0.0
585,2021-04-29,0.2310474056603773,0.4230126018207953,0.0
586,2021-04-30,0.0,0.0,0.0
587,2021-05-03,0.0,0.0,0.1771374466788544
588,2021-05-04,0.6666078451882844,0.8584147873641794,0.0
589,2021-05-05,0.0,0.0,0.0
590,2021-05-06,0.0,0.0,0.0
591,2021-05-07,0.2447965844402277,0.0,0.2447965844402277
592,2021-05-10,0.7726485660554774,0.0,0.827910198675497
593,2021-05-11,0.0,0.0,0.5329769676432008
594,2021-05-12,0.0,0.0,0.0745586613834093
595,2021-05-13,0.0,0.0,-0.204054854368932
596,2021-05-14,0.1358951871657754,0.0,0.251503317535545
597,2021-05-17,0.0,0.1724925501432664,0.0
598,2021-05-18,0.1221383663366336,0.3877315211422295,0.1221383663366336
599,2021-05-19,-0.0971394921994493,0.0,-0.2011358081979891
600,2021-05-20,0.0,0.2762924015009381,0.0
601,2021-05-21,0.0,0.0,0.0
602,2021-05-24,0.1973070818070817,0.2356188918205804,0.0069533333333333
603,2021-05-25,0.0,0.2762945369406867,0.7963999999999999
604,2021-05-26,0.0657337675350701,0.0,0.0
605,2021-05-27,-0.1764008655126497,0.0,-0.1953019262981574
606,2021-05-28,0.0,0.0,-0.0056588213627992
607,2021-06-01,0.0,0.2128233261339092,0.0
608,2021-06-02,0.0,0.5131158249158249,0.0
609,2021-06-03,0.0,0.2601655228758169,0.0
610,2021-06-04,0.0,0.1939593349044252,0.1310909090909091
611,2021-06-07,0.0,-0.3592117048346055,-0.0341237536656891
612,2021-06-08,0.0,0.3294896396396396,0.6383720930232558
613,2021-06-09,0.2583701342281879,0.0,0.0
614,2021-06-10,0.4257342450765864,0.2234626746506986,0.0
615,2021-06-11,0.0,0.0,0.1522359374999999
616,2021-06-14,0.0766510563380281,0.08754912109375,0.0
617,2021-06-15,0.4888863954588459,0.0,0.4656117575757577
618,2021-06-16,0.1867136580706781,0.0,0.0
619,2021-06-17,0.0,0.370768992248062,0.0
620,2021-06-18,-0.3677580005787036,0.3097494964028777,-0.3677580005787036
621,2021-06-21,0.0,-0.0684460629921259,0.0
622,2021-06-22,0.0,0.0,0.0
623,2021-06-23,0.0,0.0,0.0
624,2021-06-24,0.0,0.0,0.0
625,2021-06-25,0.2492750362844702,0.4727527432333578,0.229646334841629
626,2021-06-28,0.5447245939675174,0.0,0.4526542517006802
627,2021-06-29,0.0,0.0,0.0
628,2021-06-30,0.0,0.0,-0.0186311357074109
629,2021-07-01,0.0,0.0,0.1575963290724352
630,2021-07-02,0.0,0.0,-0.1932
631,2021-07-06,0.0,0.0,-0.5744215661103977
632,2021-07-07,0.0,0.0,-9.832826747722826e-05
633,2021-07-08,0.1918580993520519,0.2956862190812721,0.1918580993520519
634,2021-07-09,0.0,0.0,0.0
635,2021-07-12,0.0,0.4287684456928838,0.0915346839287141
636,2021-07-13,0.0,0.0,-0.3031968681845939
637,2021-07-14,0.0,0.2384439678284182,0.3188658536585366
638,2021-07-15,-0.302478752886836,0.3303414173228346,0.0
639,2021-07-16,0.0,0.1667561538461538,0.0
640,2021-07-19,0.0,0.0,0.277680837696335
641,2021-07-20,0.0,0.0,0.0
642,2021-07-21,0.6586773109243697,0.0,0.0
643,2021-07-22,0.0,0.0762811320754716,0.0
644,2021-07-23,0.0,0.649835969758651,0.0
645,2021-07-26,0.0,0.06530907960199,0.0
646,2021-07-27,-0.298711345646438,0.6266742857142857,0.0
647,2021-07-28,0.0,0.1669627118644068,-0.0038843283582089
648,2021-07-29,0.0477390423572743,0.0,0.0477390423572743
649,2021-07-30,0.0,-0.0556999999999999,0.0
650,2021-08-02,0.1463501653210304,-0.014780616740088,0.0
651,2021-08-03,0.0832215308863026,0.0,0.0819698438934802
652,2021-08-04,0.5664674739683766,0.0,0.5664674739683766
653,2021-08-05,0.0031134880665644,0.0,0.0121285714285714
654,2021-08-06,0.0,0.4468201688555347,0.0
655,2021-08-09,0.0443873190503763,0.1255421291053227,0.0
656,2021-08-10,-0.1941626185958254,0.1029460486971379,0.0
657,2021-08-11,0.0,0.0,0.0570162414965986
658,2021-08-12,-0.0850693172690763,0.2500123198847262,-0.0850693172690763
659,2021-08-13,0.0,0.8599239603775348,0.0900794959908362
660,2021-08-16,-0.6006847764034253,0.0815394195888754,-0.6006847764034253
661,2021-08-17,0.2072202753441803,0.0,0.2072202753441803
662,2021-08-18,0.0,0.4058277121739869,0.0
663,2021-08-19,0.0182302580331061,0.0,0.0560215872374798
664,2021-08-20,0.0,0.0,0.0440827822343964
665,2021-08-23,0.2010404699738903,0.2212911864406779,0.0
666,2021-08-24,-0.2851789516789516,0.0,0.0256815093106828
667,2021-08-25,0.0,0.0804347636074692,0.5119107142857144
668,2021-08-26,0.0,-0.0779397766323024,0.0
669,2021-08-27,0.0,0.2894160810810811,0.0139233848953594
670,2021-08-30,-0.0112672826830937,0.1386010893246187,0.0
671,2021-08-31,0.0,0.3532307407407408,0.0529679710144927
672,2021-09-01,0.0,0.5322221621621621,0.1113626728110599
673,2021-09-02,0.1302362780593772,-0.5718999999999999,0.0
674,2021-09-03,-0.0096578947368421,0.4346144308943089,0.0
675,2021-09-07,-0.0235341131907308,0.0,-0.0235341131907308
676,2021-09-08,0.0,0.0,0.1020571001729831
677,2021-09-09,0.0272568376068376,0.0,0.0
678,2021-09-10,0.0252431878306878,0.0,0.0
679,2021-09-13,0.1451942455242966,0.0980846534653465,0.0
680,2021-09-14,-0.0171190773067331,0.0,-0.0171190773067331
681,2021-09-15,0.0,0.5134157303370787,0.0
682,2021-09-16,0.0,0.0,0.0
683,2021-09-17,-0.0904194719471946,0.0,-0.151555028901734
684,2021-09-20,0.4348012331838565,0.4404739993889399,0.4348012331838565
685,2021-09-21,0.3252195788964181,0.0037601503759398,0.0
686,2021-09-22,0.3585469387755102,0.1478644783118405,0.0
687,2021-09-23,0.0,0.0342295307791649,-0.3175984128937007
688,2021-09-24,-0.0332572107765451,0.2255159638554217,-0.0032518644067796
689,2021-09-27,0.615500462962963,-0.147491773308958,0.0
690,2021-09-28,0.2994024902723735,0.3309689376443418,0.2994024902723735
691,2021-09-29,0.0,-0.2105582089552239,0.0
692,2021-09-30,-0.0303347406513872,0.0,-0.0303347406513872
693,2021-10-01,0.2163154942567284,0.2281324324324324,0.2070485139460448
694,2021-10-04,0.0,0.3320035714285714,0.0835208009807928
695,2021-10-05,0.0,0.3724224126565591,-0.0146371335504885
696,2021-10-06,0.0,0.0,0.2130696600710299
697,2021-10-07,0.0,0.0,0.0
698,2021-10-08,0.0,-0.0023365924491771,0.4342681983071342
699,2021-10-11,0.1282636027319294,0.7010768292682926,0.1995687826436319
700,2021-10-12,-0.1565177790346908,-0.2360471065440778,0.0
701,2021-10-13,0.0,-0.1941842679127725,0.0
702,2021-10-14,0.0,0.1581285714285714,0.4409887627695801
703,2021-10-15,0.1158213493120284,0.0,0.0
704,2021-10-18,0.037516269165247,0.0,0.0
705,2021-10-19,0.497990769684459,0.3309572072072072,0.2586372146118722
706,2021-10-20,0.0,0.5437082247557004,0.0137845112041369
707,2021-10-21,0.4599197872340425,0.0,0.0
708,2021-10-22,0.0,0.2114394930498773,0.0277012295081967
709,2021-10-25,0.0,0.0,0.0
710,2021-10-26,0.0,0.0,0.0
711,2021-10-27,0.0,0.248724004627398,0.3242043203371971
712,2021-10-28,0.0,0.0,0.0
713,2021-10-29,-0.0431177083333333,0.0,0.0
714,2021-11-01,0.0233328866880279,0.8355859278272684,0.0158220771513353
715,2021-11-02,0.2284721176470588,0.0,0.0
716,2021-11-03,0.0,0.0,0.0
717,2021-11-04,0.1061881932021466,0.0,0.1061881932021466
718,2021-11-05,0.5182603305785124,0.3058960629921259,0.0
719,2021-11-08,-0.3741984865955607,0.3553644871270943,0.0371293647774818
720,2021-11-09,0.0546027272727272,0.007761596009975,0.039303831529687
721,2021-11-10,-0.4312865921787709,-0.1988222222222222,0.0
722,2021-11-11,-0.2264629184861717,-0.5726330558858501,0.0
723,2021-11-12,0.1361009433962264,0.0,0.0
724,2021-11-15,0.2245116550968214,0.0,0.2194149297689171
725,2021-11-16,0.4048065065065065,0.0,0.4048065065065065
726,2021-11-17,0.0586270060874377,0.0,0.0
727,2021-11-18,0.1260679688692202,0.6037401900882553,0.1260679688692202
728,2021-11-19,0.2879898119122257,0.0,-0.2038443329989969
729,2021-11-22,-0.0854598119858989,0.0,-0.2785102799832846
730,2021-11-23,0.3015162451015318,0.0,0.2950791938997821
731,2021-11-24,0.0713932628797886,0.0590041726032973,0.0
732,2021-11-26,0.2216230125523012,-0.1596565217391304,0.0
733,2021-11-29,0.1000659208261618,0.0,0.120117793594306
734,2021-11-30,0.0,0.0,0.4126650246305419
735,2021-12-01,0.0,0.0231020039701295,0.3995518065887354
736,2021-12-02,0.0,-0.1790326424870466,0.3121225530660377
737,2021-12-03,-0.5454874213836478,-0.1965168246761917,0.0
738,2021-12-06,-0.2850136254501799,0.4638023468057365,0.0
739,2021-12-07,0.0,-0.0272406015037594,0.0
740,2021-12-08,0.0,0.1740748036253777,0.0
741,2021-12-09,0.360587451171875,0.223822953897661,0.0
742,2021-12-10,0.0,0.8886916394631849,0.2022781456953642
743,2021-12-13,0.0215332648026315,-0.1910543327556326,-0.0645672743846854
744,2021-12-14,0.2402249849849849,0.0,0.2778029776674938
745,2021-12-15,0.0,0.0019764442231074,0.0
746,2021-12-16,0.0,0.0720023522975929,0.0
747,2021-12-17,0.0,0.296386484375,0.0
748,2021-12-20,0.0,0.0,0.5627273390643741
749,2021-12-21,-0.3165515957446809,-0.4159337579617836,-0.3165515957446809
750,2021-12-22,0.0395273789649415,0.0,0.0
751,2021-12-23,0.0,0.2055214464360149,0.0
752,2021-12-27,0.2462344396082698,-0.1937347587289132,0.2462344396082698
753,2021-12-28,0.0,-0.2198706390328151,0.0
754,2021-12-29,0.1707727626459143,0.0,0.0
755,2021-12-30,-0.1815757812499999,-0.6177637920489297,-0.1038626641651032
756,2021-12-31,0.5470567879900637,0.2564227722772277,0.0
757,2022-01-03,0.153029715206878,0.0,0.0
758,2022-01-04,-0.0488471774193548,0.1668046511627907,0.0
759,2022-01-05,0.1654149922720247,0.1838377894736841,0.0
760,2022-01-06,0.0722760348583878,0.0659066445182724,0.1446966414380321
761,2022-01-07,0.0769497474747474,0.2733073461283918,0.0769497474747474
762,2022-01-10,0.0,0.2378253564786112,-0.1348554730258014
763,2022-01-11,-0.0320532283127042,0.6346095168374818,0.0
764,2022-01-12,0.0,0.6235783018867925,0.0
765,2022-01-13,0.0,-0.0056513846153845,0.4291383144475921
766,2022-01-14,-0.7338673731793068,0.5285125286478226,0.0
767,2022-01-18,0.0,-0.1622046992481202,0.0
768,2022-01-19,0.0170050600343053,0.0,0.0
769,2022-01-20,0.221997883064516,0.0,0.0
770,2022-01-21,-0.0717348258706467,0.0273457706766917,-0.0717348258706467
771,2022-01-24,0.0,0.0,0.1790617424242424
772,2022-01-25,-0.3239403669724771,0.0,0.0086230290668026
773,2022-01-26,0.2125142118863049,0.0,0.0
774,2022-01-27,0.0,0.0,0.0
775,2022-01-28,0.0,0.0,0.0
776,2022-01-31,0.0,0.0,0.0
777,2022-02-01,0.0,0.4748287313432836,0.1214588883987649
778,2022-02-02,-0.2046046758767268,0.1045823617339312,0.0
779,2022-02-03,0.3482751824817519,0.0,0.0
780,2022-02-04,0.0,-0.0310502407704654,-0.2812251851851853
781,2022-02-07,0.0116645083932853,-0.5696000000000001,0.0
782,2022-02-08,0.0,0.0,0.0669956814580031
783,2022-02-09,0.0,0.0,-0.0697559523809523
784,2022-02-10,0.0,0.1280503496503495,0.3072254601226994
785,2022-02-11,0.0,0.2554832967032966,0.0
786,2022-02-14,0.1266431279620854,-0.1969043999999999,0.1266431279620854
787,2022-02-15,0.0,-0.0290005613627564,0.3220572106824925
788,2022-02-16,0.0,0.4791880597014925,-0.6756556159420288
789,2022-02-17,-0.2773325174825175,0.1490127034790935,-0.2773325174825175
790,2022-02-18,0.0,0.0839662261380322,0.0
791,2022-02-22,0.0,0.0,-0.2209318181818181
792,2022-02-23,0.0,0.1597382162162162,0.0
793,2022-02-24,0.0,-0.1072675121223424,-0.0199019908116385
794,2022-02-25,0.0,0.0,-0.0913114893617021
795,2022-02-28,0.358599905243209,0.1157862660944205,0.0
796,2022-03-01,0.1354706995884773,0.5364341935483871,0.1372639846743294
797,2022-03-02,-0.2531852670349908,0.1327234536082474,-0.0592940877949759
798,2022-03-03,-0.4000410216364466,0.5604298850574712,-0.2905481155112007
799,2022-03-04,0.0,0.0,-0.4552809831181729
800,2022-03-07,0.2508282127089247,-0.3729190738699007,0.0
801,2022-03-08,-0.4214074137196421,0.1385520202020201,0.0
802,2022-03-09,0.2009787698973344,0.1596602780536246,0.0
803,2022-03-10,-0.3090016159439805,-0.4196757755775577,0.0
804,2022-03-11,0.0030293066980023,0.4975583333333332,-0.2148617977528089
805,2022-03-14,-0.067676063130206,0.3431806896551724,0.0
806,2022-03-15,-0.0077908413001912,0.5502734126984127,0.0
807,2022-03-16,-0.088185140562249,0.001210243902439,-0.0599264500571138
808,2022-03-17,-0.1588626275510204,-0.0265019736842105,0.2812500490677134
809,2022-03-18,0.1172912935323383,-0.4656388368813997,-0.2379254237288135
810,2022-03-21,-0.0102898421209413,0.0737912827781715,0.0
811,2022-03-22,0.2415160714285715,-0.3885965034965035,0.150330944055944
812,2022-03-23,0.0,0.0,0.0132023537976219
813,2022-03-24,-0.502269012345679,0.0,-0.2585277174561508
814,2022-03-25,7.513025356029496e-05,0.1448999999999999,0.0872336698858648
815,2022-03-28,0.0,0.0,0.2758514670896114
816,2022-03-29,0.0,0.0638337748344371,0.0
817,2022-03-30,0.0,0.1254566022544283,0.0
818,2022-03-31,0.0376447653429602,0.2202558035714285,0.0
819,2022-04-01,0.414804182804028,0.0,0.0
820,2022-04-04,-0.2834691967575534,0.0,0.0
821,2022-04-05,0.0,0.0,0.2726247544204322
822,2022-04-06,0.0,0.6033803921568628,0.6198919753086418
823,2022-04-07,-0.1148538931297709,0.3430997229916897,0.1498451601548751
824,2022-04-08,0.089419452247191,0.0732195734958111,0.3357759450171821
825,2022-04-11,-0.4378624691358023,-0.2535952995867768,-0.4471438190426092
826,2022-04-12,0.2585352142554094,0.3968285714285715,0.0
827,2022-04-13,-0.4590353471226704,0.0,0.2278313578394598
828,2022-04-14,0.5163104298356509,0.3463047176554681,0.0
829,2022-04-18,0.0,-0.4667983114446529,-0.0250691616766467
830,2022-04-19,0.0,0.0,0.0987075236064575
831,2022-04-20,0.0201532894736841,0.0,0.0
832,2022-04-21,-0.1211631457277496,0.0,0.0
833,2022-04-22,0.0737231757687012,0.3831197183098592,0.0
834,2022-04-25,0.0253996679862086,-0.1114215204150688,0.0185734317343173
835,2022-04-26,-0.1726832155477032,0.6604230504587157,0.0
836,2022-04-27,-0.260073527330893,-0.0150377251110937,-0.2465773218773745
837,2022-04-28,0.1090182866125229,0.1315554865723361,0.1090858303012662
838,2022-04-29,-0.2716999939914677,0.082335685363107,-0.2717605210179982
839,2022-05-02,0.0189008381214903,-0.0164727201609298,0.0188803394059
840,2022-05-03,-0.317908990067738,-0.298837657579333,-0.3172766721435401
